guide_path,category,guide_slug,order,type,source_id,source_url,target_path,target_filename
guides/ru/adventure/Dimensional_Rift.md,adventure,dimensional_rift,1,gif,1131625306151723190,https://cdn.discordapp.com/attachments/1125731605156216932/1131625306151723190/Rift.gif?ex=69e26131&is=69e10fb1&hm=b99ba64bab2dd662ac8689dd3ff5d18120697cbadae00a1e480ec9169a81fe78&,assets/media/by-guide/adventure/dimensional_rift/001_gif_1131625306151723190.gif,001_gif_1131625306151723190.gif
guides/ru/adventure/Dimensional_Rift.md,adventure,dimensional_rift,2,image,1310934864048029797,https://cdn.discordapp.com/attachments/1125731605156216932/1310934864048029797/IMG_1277.png?ex=69e21dbb&is=69e0cc3b&hm=cc09bea5bfae31ed9bcd78465378bb17faa157232629db18ae81952ac0582a52&,assets/media/by-guide/adventure/dimensional_rift/002_image_1310934864048029797.png,002_image_1310934864048029797.png
guides/ru/adventure/Forest_of_Circulation.md,adventure,forest_of_circulation,1,video,1268278189826773074,https://cdn.discordapp.com/attachments/1125731269196656670/1268278189826773074/FoC_Run_Late_Game_-_Made_with_Clipchamp.mp4?ex=69e27f9b&is=69e12e1b&hm=15f2d0eb2493510c2b1a0667183b251d6d84562df613cc6c0c8200287ae870c2&,assets/media/by-guide/adventure/forest_of_circulation/001_video_1268278189826773074.mp4,001_video_1268278189826773074.mp4
guides/ru/adventure/Guild.md,adventure,guild,1,image,1384563832159993997,https://cdn.discordapp.com/attachments/1384563831610806374/1384563832159993997/image.png?ex=69e2598d&is=69e1080d&hm=57866d7ffc5fda60edbefb8477e0e52ef08d2384a345ee7a9d04c595d716da32&,assets/media/by-guide/adventure/guild/001_image_1384563832159993997.png,001_image_1384563832159993997.png
guides/ru/adventure/Guild.md,adventure,guild,2,image,1384563911671677100,https://cdn.discordapp.com/attachments/1384563831610806374/1384563911671677100/image.png?ex=69e259a0&is=69e10820&hm=89ec9ae15a1f3fc5661506b175522ea072d392cef1e71b2f5cb2d468b39ba236&,assets/media/by-guide/adventure/guild/002_image_1384563911671677100.png,002_image_1384563911671677100.png
guides/ru/adventure/Guild.md,adventure,guild,3,image,1386411690291236966,https://cdn.discordapp.com/attachments/1384563831610806374/1386411690291236966/image.png?ex=69e27b01&is=69e12981&hm=1251caa3e6c1084c90f159d7ff42ef3c0506ca80a406b914e64b0af7e0d675dd&,assets/media/by-guide/adventure/guild/003_image_1386411690291236966.png,003_image_1386411690291236966.png
guides/ru/adventure/Guild.md,adventure,guild,4,image,1400748331029889034,https://cdn.discordapp.com/attachments/1384563831610806374/1400748331029889034/image.png?ex=69e1e70a&is=69e0958a&hm=88e973a8bb3d4cfb4997db7e97a62c264c5a420e2f2ed82d70f10c705c85f970&,assets/media/by-guide/adventure/guild/004_image_1400748331029889034.png,004_image_1400748331029889034.png
guides/ru/adventure/Guild.md,adventure,guild,5,image,1401347429793534095,https://cdn.discordapp.com/attachments/1384563831610806374/1401347429793534095/image.png?ex=69e21abf&is=69e0c93f&hm=179c2786b22a1a1b2d653258ca3d5c3bcb76d17f483a337698282c45330547d7&,assets/media/by-guide/adventure/guild/005_image_1401347429793534095.png,005_image_1401347429793534095.png
guides/ru/adventure/Story.md,adventure,story,1,image,1132868460830015609,https://cdn.discordapp.com/attachments/1125732072456196169/1132868460830015609/image.png?ex=69e249b8&is=69e0f838&hm=8e546eed4fbe1cc505f945a971460642796770ebc977610052068372263c6e5b&,assets/media/by-guide/adventure/story/001_image_1132868460830015609.png,001_image_1132868460830015609.png
guides/ru/adventure/Story.md,adventure,story,2,image,1132868532904923256,https://cdn.discordapp.com/attachments/1125732072456196169/1132868532904923256/image.png?ex=69e249c9&is=69e0f849&hm=3bbf5e631ebdc0b0a28e690279c4e8d8b42034408b363f22f1655c59a5e59e5f&,assets/media/by-guide/adventure/story/002_image_1132868532904923256.png,002_image_1132868532904923256.png
guides/ru/adventure/Story.md,adventure,story,3,image,1132868604111622184,https://cdn.discordapp.com/attachments/1125732072456196169/1132868604111622184/image.png?ex=69e249da&is=69e0f85a&hm=6863376b52f711cb4d3a0400638d7569bffae493f98430e3760928fbbd4c85f2&,assets/media/by-guide/adventure/story/003_image_1132868604111622184.png,003_image_1132868604111622184.png
guides/ru/adventure/Story.md,adventure,story,4,image,1132868660290130070,https://cdn.discordapp.com/attachments/1125732072456196169/1132868660290130070/image.png?ex=69e249e8&is=69e0f868&hm=fe08456bf9805ee55e46ecf3f79b9dfcd4617635aefe19c0778fc406aae16a0d&,assets/media/by-guide/adventure/story/004_image_1132868660290130070.png,004_image_1132868660290130070.png
guides/ru/adventure/Story.md,adventure,story,5,image,1260063297256951918,https://cdn.discordapp.com/attachments/1125732072456196169/1260063297256951918/image.png?ex=69e246a4&is=69e0f524&hm=a4d205b3dc988ad66de6ac5b9e0d8a09a796ecc62dde959f146cd1d35ca5c2da&,assets/media/by-guide/adventure/story/005_image_1260063297256951918.png,005_image_1260063297256951918.png
guides/ru/adventure/Story.md,adventure,story,6,image,1399603796304334869,https://cdn.discordapp.com/attachments/1125732072456196169/1399603796304334869/image.png?ex=69e25a5c&is=69e108dc&hm=45dd5ead35af533081d4977b7e1ed753b0a3c1016f1293377aee8abfdf51a837&,assets/media/by-guide/adventure/story/006_image_1399603796304334869.png,006_image_1399603796304334869.png
guides/ru/Beginner-guide/Path_Of_Suggested_Progression.md,Beginner-guide,path_of_suggested_progression,1,image,1380060518189891604,https://cdn.discordapp.com/attachments/1266503499009753110/1380060518189891604/eventspending_guide_updated.png?ex=69e1c983&is=69e07803&hm=8eb66a01e9af73f631293565df7b76e393bf08c6715208d9d200920f8ec4e1e9&,assets/media/by-guide/Beginner-guide/path_of_suggested_progression/001_image_1380060518189891604.png,001_image_1380060518189891604.png
guides/ru/Beginner-guide/Path_Of_Suggested_Progression.md,Beginner-guide,path_of_suggested_progression,2,image,1349197221496885309,https://cdn.discordapp.com/emojis/1349197221496885309.webp?size=48&animated=true&name=orr24&lossless=true,assets/media/by-guide/Beginner-guide/path_of_suggested_progression/002_image_1349197221496885309.webp,002_image_1349197221496885309.webp
guides/ru/Beginner-guide/Path_Of_Suggested_Progression.md,Beginner-guide,path_of_suggested_progression,3,image,1349197221496885309,https://cdn.discordapp.com/emojis/1349197221496885309.webp?size=48&animated=true&name=orr24&lossless=true,assets/media/by-guide/Beginner-guide/path_of_suggested_progression/003_image_1349197221496885309.webp,003_image_1349197221496885309.webp
guides/ru/Beginner-guide/Path_Of_Suggested_Progression.md,Beginner-guide,path_of_suggested_progression,4,image,1349197221496885309,https://cdn.discordapp.com/emojis/1349197221496885309.webp?size=48&animated=true&name=orr24&lossless=true,assets/media/by-guide/Beginner-guide/path_of_suggested_progression/004_image_1349197221496885309.webp,004_image_1349197221496885309.webp
guides/ru/Beginner-guide/Path_Of_Suggested_Progression.md,Beginner-guide,path_of_suggested_progression,5,image,1349197221496885309,https://cdn.discordapp.com/emojis/1349197221496885309.webp?size=48&animated=true&name=orr24&lossless=true,assets/media/by-guide/Beginner-guide/path_of_suggested_progression/005_image_1349197221496885309.webp,005_image_1349197221496885309.webp
"guides/ru/Beginner-guide/Rage_+_Rave_(Early),_Late_Game_Rotation_(Late).md",Beginner-guide,rage_rave_early_late_game_rotation_late,1,video,1266503160097406986,https://cdn.discordapp.com/attachments/1266502911324721335/1266503160097406986/video15.mp4?ex=69e1f93b&is=69e0a7bb&hm=37419433dcdc26c9b7fc73f9b14a48a728098ead77778b2bed7cb1aa45f11aff&,assets/media/by-guide/Beginner-guide/rage_rave_early_late_game_rotation_late/001_video_1266503160097406986.mp4,001_video_1266503160097406986.mp4
"guides/ru/Beginner-guide/Rage_+_Rave_(Early),_Late_Game_Rotation_(Late).md",Beginner-guide,rage_rave_early_late_game_rotation_late,2,video,1266503189138505728,https://cdn.discordapp.com/attachments/1266502911324721335/1266503189138505728/WoGRaveWG.mp4?ex=69e1f942&is=69e0a7c2&hm=8607657b54d6bbc2ca325510b77c813bafd1dfeee54c766cb220186f05cc8242&,assets/media/by-guide/Beginner-guide/rage_rave_early_late_game_rotation_late/002_video_1266503189138505728.mp4,002_video_1266503189138505728.mp4
"guides/ru/Beginner-guide/Rage_+_Rave_(Early),_Late_Game_Rotation_(Late).md",Beginner-guide,rage_rave_early_late_game_rotation_late,3,video,1350263616565149706,https://cdn.discordapp.com/attachments/1266502911324721335/1350263616565149706/RRF_-_Made_with_Clipchamp.mp4?ex=69e226bc&is=69e0d53c&hm=8caa132b62e7b539e38adabb97bfbab27c60e29ceb8dbf2c4a8477753d21343e&,assets/media/by-guide/Beginner-guide/rage_rave_early_late_game_rotation_late/003_video_1350263616565149706.mp4,003_video_1350263616565149706.mp4
"guides/ru/Beginner-guide/Rage_+_Rave_(Early),_Late_Game_Rotation_(Late).md",Beginner-guide,rage_rave_early_late_game_rotation_late,4,video,1414463709320839229,https://cdn.discordapp.com/attachments/1266502911324721335/1414463709320839229/3x_DH_into_Rave_-_Made_with_Clipchamp.mp4?ex=69e25c3b&is=69e10abb&hm=6d63661bbd2af2e944e49798608d4c69ef04a86445f11d46ea64b7aad87a5ab4&,assets/media/by-guide/Beginner-guide/rage_rave_early_late_game_rotation_late/004_video_1414463709320839229.mp4,004_video_1414463709320839229.mp4
"guides/ru/Beginner-guide/Rage_+_Rave_(Early),_Late_Game_Rotation_(Late).md",Beginner-guide,rage_rave_early_late_game_rotation_late,5,video,1414464776553369681,https://cdn.discordapp.com/attachments/1266502911324721335/1414464776553369681/Dancing_-_Made_with_Clipchamp.mp4?ex=69e25d3a&is=69e10bba&hm=633393db2d38e30b91100310707af685619bfecbb4aefd0b5bf4f07295bedcde&,assets/media/by-guide/Beginner-guide/rage_rave_early_late_game_rotation_late/005_video_1414464776553369681.mp4,005_video_1414464776553369681.mp4
"guides/ru/Beginner-guide/Rage_+_Rave_(Early),_Late_Game_Rotation_(Late).md",Beginner-guide,rage_rave_early_late_game_rotation_late,6,video,1455018174004330566,https://cdn.discordapp.com/attachments/1266502911324721335/1455018174004330566/Beast_with_Rave_-_Made_with_Clipchamp.mp4?ex=69e23d85&is=69e0ec05&hm=7c9f6d1b6348be76116857bd8e9af03ef792bc1b6dbc5c85977e0cc13072e863&,assets/media/by-guide/Beginner-guide/rage_rave_early_late_game_rotation_late/006_video_1455018174004330566.mp4,006_video_1455018174004330566.mp4
guides/ru/Beginner-guide/TLDR_version_of_Path_for_Promo.md,Beginner-guide,tldr_version_of_path_for_promo,1,image,1349197221496885309,https://cdn.discordapp.com/emojis/1349197221496885309.webp?size=48&animated=true&name=orr24&lossless=true,assets/media/by-guide/Beginner-guide/tldr_version_of_path_for_promo/001_image_1349197221496885309.webp,001_image_1349197221496885309.webp
guides/ru/character/Class.md,character,class,1,image,1276973428464816199,https://cdn.discordapp.com/attachments/1124553633883754637/1276973428464816199/image.png?ex=69e27dae&is=69e12c2e&hm=12ed822933f8f2623d289b0fb393e73317615192756cf2ee56e7a0592e6ab1bc&,assets/media/by-guide/character/class/001_image_1276973428464816199.png,001_image_1276973428464816199.png
guides/ru/character/Constellation.md,character,constellation,1,image,1466470158058127493,https://media.discordapp.net/attachments/1430546126129598504/1466470158058127493/image.png?ex=69e25fc3&is=69e10e43&hm=a7920547eb02b59c92cb4c25bc4798f65c697bc2d6321a8228d67c9673bf1e1b&=&format=webp&quality=lossless,assets/media/by-guide/character/constellation/001_image_1466470158058127493.png,001_image_1466470158058127493.png
guides/ru/character/Constellation.md,character,constellation,2,image,1466470158418841694,https://media.discordapp.net/attachments/1430546126129598504/1466470158418841694/image.png?ex=69e25fc3&is=69e10e43&hm=44d9a2da323cc952bf60f1fbd972ccfec6e494a42ba9be97a89772f6e6485d4c&=&format=webp&quality=lossless,assets/media/by-guide/character/constellation/002_image_1466470158418841694.png,002_image_1466470158418841694.png
guides/ru/character/Constellation.md,character,constellation,3,image,1466470158712307815,https://media.discordapp.net/attachments/1430546126129598504/1466470158712307815/image.png?ex=69e25fc3&is=69e10e43&hm=fac7100a8d65f5ef5a2a305f016b15f18144816638ed697674dcedcf27539936&=&format=webp&quality=lossless,assets/media/by-guide/character/constellation/003_image_1466470158712307815.png,003_image_1466470158712307815.png
guides/ru/character/Constellation.md,character,constellation,4,image,1466470245161111845,https://cdn.discordapp.com/attachments/1430546126129598504/1466470245161111845/image.png?ex=69e25fd8&is=69e10e58&hm=e390d7a71554c1857ce430fb91bbef3b6a0f16d22b6502655f7e3935c2edb994&,assets/media/by-guide/character/constellation/004_image_1466470245161111845.png,004_image_1466470245161111845.png
guides/ru/character/Constellation.md,character,constellation,5,image,1466470526758289409,https://cdn.discordapp.com/attachments/1430546126129598504/1466470526758289409/image.png?ex=69e2601b&is=69e10e9b&hm=9ce0c9955fb8740aae798575730d25cec5c15a55debef48ce304a672592b930f&,assets/media/by-guide/character/constellation/005_image_1466470526758289409.png,005_image_1466470526758289409.png
guides/ru/character/Growing_Knowledge.md,character,growing_knowledge,1,image,1129929064296218684,https://cdn.discordapp.com/attachments/1124554700172300358/1129929064296218684/image.png?ex=69e22431&is=69e0d2b1&hm=93cf969e1fba973751f769ea79ae3a753b1d8859580e27038608e3ca5e68feec&,assets/media/by-guide/character/growing_knowledge/001_image_1129929064296218684.png,001_image_1129929064296218684.png
guides/ru/character/Growing_Knowledge.md,character,growing_knowledge,2,image,1246529478050582548,https://cdn.discordapp.com/attachments/1124554700172300358/1246529478050582548/image.png?ex=69e27a8a&is=69e1290a&hm=daf8336ec09f65cce573b2c240b0e67ac55700100116a5535b99538362fe6158&,assets/media/by-guide/character/growing_knowledge/002_image_1246529478050582548.png,002_image_1246529478050582548.png
guides/ru/character/Growing_Knowledge.md,character,growing_knowledge,3,video,1423955618380906558,https://cdn.discordapp.com/attachments/1134962963804061868/1423955618380906558/video-output-8245BE32-E73E-46CA-8B0A-C6D48D7EC962-2.mov?ex=68e23183&is=68e0e003&hm=2400c7ac2938c5b318f3f92145e6167106b7425bf5f77c1b817ecdcf6efe237c&,assets/media/by-guide/character/growing_knowledge/003_video_1423955618380906558.mov,003_video_1423955618380906558.mov
guides/ru/character/Growing_Knowledge.md,character,growing_knowledge,4,video,1426987646449877116,https://cdn.discordapp.com/attachments/1124554700172300358/1426987646449877116/Vitality.mp4?ex=69e2704f&is=69e11ecf&hm=c6e8e1da466694a28abc101ab1b708754af913e8bfc2b4ab8875e33131922ef0&,assets/media/by-guide/character/growing_knowledge/004_video_1426987646449877116.mp4,004_video_1426987646449877116.mp4
guides/ru/character/Growing_Knowledge.md,character,growing_knowledge,5,video,1426987647112314931,https://cdn.discordapp.com/attachments/1124554700172300358/1426987647112314931/Strength.mp4?ex=69e2704f&is=69e11ecf&hm=001231327d023475902d1d8d0cd7c1f585500ee03e09098688cac68f82640efa&,assets/media/by-guide/character/growing_knowledge/005_video_1426987647112314931.mp4,005_video_1426987647112314931.mp4
guides/ru/character/Growing_Knowledge.md,character,growing_knowledge,6,video,1426995114055700490,https://cdn.discordapp.com/attachments/1124554700172300358/1426995114055700490/Screen_Recording_2025-10-12_125343.mp4?ex=69e27743&is=69e125c3&hm=0c01f412dd3343ba70483ea70375023af499d7ea653e6f5dbaa4d225da030a66&,assets/media/by-guide/character/growing_knowledge/006_video_1426995114055700490.mp4,006_video_1426995114055700490.mp4
guides/ru/character/Growing_Knowledge.md,character,growing_knowledge,7,video,1427003968025792603,https://cdn.discordapp.com/attachments/1124554700172300358/1427003968025792603/ScreenRecording_10-04-2025_04-43-17_1.mov?ex=69e1d6c2&is=69e08542&hm=28eb2887d57b43cb3c2febe90a3af3402bd63fec7aa812a9786a1151de5c4603&,assets/media/by-guide/character/growing_knowledge/007_video_1427003968025792603.mov,007_video_1427003968025792603.mov
guides/ru/character/Latent_Power.md,character,latent_power,1,image,1471548995070460005,https://cdn.discordapp.com/attachments/1124554125590417480/1471548995070460005/image.png?ex=69e264cc&is=69e1134c&hm=3bee03d61bb2fa11eccfe0f4777df614ff5f6fabbe5eb26e1488da5a897179c5&,assets/media/by-guide/character/latent_power/001_image_1471548995070460005.png,001_image_1471548995070460005.png
guides/ru/character/Memory_Tree.md,character,memory_tree,1,image,1253187534666596492,https://cdn.discordapp.com/attachments/1253187534490570813/1253187534666596492/Screenshot_2024-06-19_221843.png?ex=69e24f97&is=69e0fe17&hm=155e0ebc106350ef91d9ba006e1a878ef62bdd948cd2fcc22cda75658c90987e&,assets/media/by-guide/character/memory_tree/001_image_1253187534666596492.png,001_image_1253187534666596492.png
guides/ru/character/Memory_Tree.md,character,memory_tree,2,image,1260067805680631818,https://cdn.discordapp.com/attachments/1253187534490570813/1260067805680631818/image.png?ex=69e24ad7&is=69e0f957&hm=cba8081d679d5f3ea39bf3a1d31ccfd5b2dcda3e683510ffdcd8b0f38fda8fb9&,assets/media/by-guide/character/memory_tree/002_image_1260067805680631818.png,002_image_1260067805680631818.png
guides/ru/character/Memory_Tree.md,character,memory_tree,3,image,1260068425301229578,https://cdn.discordapp.com/attachments/1253187534490570813/1260068425301229578/image.png?ex=69e24b6b&is=69e0f9eb&hm=647efd0102d7a8a12a387bc40f0e7a0b8f528ca29308199160ca352204a2d81e&,assets/media/by-guide/character/memory_tree/003_image_1260068425301229578.png,003_image_1260068425301229578.png
guides/ru/character/Memory_Tree.md,character,memory_tree,4,image,1260068494993657886,https://cdn.discordapp.com/attachments/1253187534490570813/1260068494993657886/image.png?ex=69e24b7c&is=69e0f9fc&hm=32e607e19f621adea169a5d363c01bd5408d17247893f069f90b082a1f4febca&,assets/media/by-guide/character/memory_tree/004_image_1260068494993657886.png,004_image_1260068494993657886.png
guides/ru/character/Memory_Tree.md,character,memory_tree,5,image,1260068554519085177,https://cdn.discordapp.com/attachments/1253187534490570813/1260068554519085177/image.png?ex=69e24b8a&is=69e0fa0a&hm=f4661d301b3f103c1fce0477c36bf18feea108fe320386063db9c02168d0865a&,assets/media/by-guide/character/memory_tree/005_image_1260068554519085177.png,005_image_1260068554519085177.png
guides/ru/character/Training_Diary.md,character,training_diary,1,gif,1131622087417675797,https://media.discordapp.net/attachments/1052865880339533878/1131622087417675797/20182150ZXQkR1Lc.gif?ex=69e25e32&is=69e10cb2&hm=933dbc01d56a33503fedce17964fd54f4d9c04d73a37bd6f97a1653174e6cbc6&,assets/media/by-guide/character/training_diary/001_gif_1131622087417675797.gif,001_gif_1131622087417675797.gif
guides/ru/character/Training_Diary.md,character,training_diary,2,image,1399640654069366784,https://cdn.discordapp.com/attachments/1124554406810095616/1399640654069366784/image.png?ex=69e27caf&is=69e12b2f&hm=dbf7e29b0345ed46616a99688ac6f3b9a2aa3c9b4a30dff1b1567f48642d925e&,assets/media/by-guide/character/training_diary/002_image_1399640654069366784.png,002_image_1399640654069366784.png
guides/ru/companion/Beast.md,companion,beast,1,image,1486940944824799252,https://cdn.discordapp.com/attachments/1451062046899834955/1486940944824799252/image.png?ex=69e25beb&is=69e10a6b&hm=000ec8778afd687bad4d77d458b8d7574f68adee29d409bf9a954349bda51b21&,assets/media/by-guide/companion/beast/001_image_1486940944824799252.png,001_image_1486940944824799252.png
guides/ru/companion/Beast.md,companion,beast,2,image,1486941030447054868,https://cdn.discordapp.com/attachments/1451062046899834955/1486941030447054868/image.png?ex=69e25bff&is=69e10a7f&hm=e7471901960a2dd9236de56335f93d7b9a70a9cb284b0a257a9abd0669b82db8&,assets/media/by-guide/companion/beast/002_image_1486941030447054868.png,002_image_1486941030447054868.png
guides/ru/companion/Companion.md,companion,companion,1,image,1408833496771727361,https://cdn.discordapp.com/attachments/1192080080000798781/1408833496771727361/image.png?ex=69e24ff0&is=69e0fe70&hm=20d241fbb773e68fbb2620a06cd8b57d344956860c708b112e0aaf4eefb79839&,assets/media/by-guide/companion/companion/001_image_1408833496771727361.png,001_image_1408833496771727361.png
guides/ru/companion/Companion.md,companion,companion,2,image,1408833497162055852,https://cdn.discordapp.com/attachments/1192080080000798781/1408833497162055852/image.png?ex=69e24ff0&is=69e0fe70&hm=74f2d53f89c1e4456f9a3b748736d9f413924bb8f15138bc93be4568b198c2bf&,assets/media/by-guide/companion/companion/002_image_1408833497162055852.png,002_image_1408833497162055852.png
guides/ru/companion/Companion.md,companion,companion,3,image,1408833497459724298,https://cdn.discordapp.com/attachments/1192080080000798781/1408833497459724298/image.png?ex=69e24ff0&is=69e0fe70&hm=e78b3568ff106eab6611024b58b6d282a7c52559f2016d934d213b2c8266970e&,assets/media/by-guide/companion/companion/003_image_1408833497459724298.png,003_image_1408833497459724298.png
guides/ru/companion/Companion_Guide.md,companion,companion_guide,1,image,1270124713913352314,https://cdn.discordapp.com/attachments/1270124713758425138/1270124713913352314/1_5.png?ex=69e1f711&is=69e0a591&hm=55b99868212a0a6fd2efd4d7c3e790e5c980b30e464a4e55017216ae3d181160&,assets/media/by-guide/companion/companion_guide/001_image_1270124713913352314.png,001_image_1270124713913352314.png
guides/ru/early-game-promotions/Adamant.md,early-game-promotions,adamant,1,gif,1370972440418848768,https://cdn.discordapp.com/attachments/1370969029031886859/1370972440418848768/160617QtY2ANKI.gif?ex=69e257d5&is=69e10655&hm=aa6e32ca73c61133b6b852166071c01f4e0370c7f10c037c16271c338020dc42&,assets/media/by-guide/early-game-promotions/adamant/001_gif_1370972440418848768.gif,001_gif_1370972440418848768.gif
guides/ru/early-game-promotions/Arcanite.md,early-game-promotions,arcanite,1,gif,1370972291399159828,https://cdn.discordapp.com/attachments/1370968915949125682/1370972291399159828/152233287DuOlCON.gif?ex=69e257b1&is=69e10631&hm=3145e6e1ede9b7a9dede2b22ccf091792f20db76cf26aeaa34c506c84d79276a&,assets/media/by-guide/early-game-promotions/arcanite/001_gif_1370972291399159828.gif,001_gif_1370972291399159828.gif
guides/ru/early-game-promotions/Bronze.md,early-game-promotions,bronze,1,image,1370971522264469504,https://cdn.discordapp.com/attachments/1370968331707879564/1370971522264469504/900.png?ex=69e256fa&is=69e1057a&hm=a795ff69ffd50d90db5ab4d701432d220f8d0db09dde75745549e1d0df24266c&,assets/media/by-guide/early-game-promotions/bronze/001_image_1370971522264469504.png,001_image_1370971522264469504.png
guides/ru/early-game-promotions/Ether.md,early-game-promotions,ether,1,gif,1370972562494066728,https://cdn.discordapp.com/attachments/1370969136745676851/1370972562494066728/15223358P5VH40Cb.gif?ex=69e257f2&is=69e10672&hm=e3db33f4e674b7da9a2008bde5298bd9889eace55e5199e24d014333055d90e2&,assets/media/by-guide/early-game-promotions/ether/001_gif_1370972562494066728.gif,001_gif_1370972562494066728.gif
guides/ru/early-game-promotions/Gold.md,early-game-promotions,gold,1,gif,1370971882932666398,https://cdn.discordapp.com/attachments/1370968676370616320/1370971882932666398/gold.gif?ex=69e25750&is=69e105d0&hm=1c999b98901dc61d4987ae3870c3235fe4a03a8beff8201ac540516e65366b68&,assets/media/by-guide/early-game-promotions/gold/001_gif_1370971882932666398.gif,001_gif_1370971882932666398.gif
guides/ru/early-game-promotions/Mithril.md,early-game-promotions,mithril,1,gif,1370971992911642824,https://cdn.discordapp.com/attachments/1370968748231757975/1370971992911642824/mithril.gif?ex=69e2576a&is=69e105ea&hm=9f8713e8262e675b283b72b76035a098c6f03032208299d5176c21460af6b6e9&,assets/media/by-guide/early-game-promotions/mithril/001_gif_1370971992911642824.gif,001_gif_1370971992911642824.gif
guides/ru/early-game-promotions/Silver.md,early-game-promotions,silver,1,gif,1370971711184310292,https://cdn.discordapp.com/attachments/1370968571320074401/1370971711184310292/silver.gif?ex=69e25727&is=69e105a7&hm=a9383b92042086f5ef6788cb6f634e6c0f5ae843401c75af9ebd9431972ef6ee&,assets/media/by-guide/early-game-promotions/silver/001_gif_1370971711184310292.gif,001_gif_1370971711184310292.gif
guides/ru/equipment/Accessories.md,equipment,accessories,1,image,1399613554323230730,https://cdn.discordapp.com/attachments/1124549814642819093/1399613554323230730/image.png?ex=69e26372&is=69e111f2&hm=245e79ca77fb960db2d983742e368715aeffe6cbe907b1427024bae49665d8e9&,assets/media/by-guide/equipment/accessories/001_image_1399613554323230730.png,001_image_1399613554323230730.png
guides/ru/equipment/Black_Orb.md,equipment,black_orb,1,image,1494265634190524446,https://cdn.discordapp.com/attachments/1494265634027077683/1494265634190524446/image.png,assets/media/by-guide/equipment/black_orb/001_image_1494265634190524446.png,001_image_1494265634190524446.png
guides/ru/equipment/Black_Orb.md,equipment,black_orb,2,image,1494275290581696603,https://cdn.discordapp.com/attachments/1494265634027077683/1494275290581696603/image.png,assets/media/by-guide/equipment/black_orb/002_image_1494275290581696603.png,002_image_1494275290581696603.png
guides/ru/equipment/Black_Orb.md,equipment,black_orb,3,image,1494275367957958747,https://cdn.discordapp.com/attachments/1494265634027077683/1494275367957958747/image.png,assets/media/by-guide/equipment/black_orb/003_image_1494275367957958747.png,003_image_1494275367957958747.png
guides/ru/equipment/Black_Orb.md,equipment,black_orb,4,image,1494275415840133211,https://cdn.discordapp.com/attachments/1494265634027077683/1494275415840133211/image.png,assets/media/by-guide/equipment/black_orb/004_image_1494275415840133211.png,004_image_1494275415840133211.png
guides/ru/equipment/Black_Orb.md,equipment,black_orb,5,image,1494275617485619240,https://cdn.discordapp.com/attachments/1494265634027077683/1494275617485619240/image.png,assets/media/by-guide/equipment/black_orb/005_image_1494275617485619240.png,005_image_1494275617485619240.png
guides/ru/equipment/Black_Orb.md,equipment,black_orb,6,image,1494275618106507345,https://cdn.discordapp.com/attachments/1494265634027077683/1494275618106507345/image.png,assets/media/by-guide/equipment/black_orb/006_image_1494275618106507345.png,006_image_1494275618106507345.png
guides/ru/equipment/Black_Orb.md,equipment,black_orb,7,image,1494276161973260358,https://cdn.discordapp.com/attachments/1494265634027077683/1494276161973260358/image.png,assets/media/by-guide/equipment/black_orb/007_image_1494276161973260358.png,007_image_1494276161973260358.png
guides/ru/equipment/Black_Orb.md,equipment,black_orb,8,image,1494276298829336586,https://cdn.discordapp.com/attachments/1494265634027077683/1494276298829336586/image.png,assets/media/by-guide/equipment/black_orb/008_image_1494276298829336586.png,008_image_1494276298829336586.png
guides/ru/equipment/Black_Orb.md,equipment,black_orb,9,image,1494276366131265627,https://cdn.discordapp.com/attachments/1494265634027077683/1494276366131265627/image.png,assets/media/by-guide/equipment/black_orb/009_image_1494276366131265627.png,009_image_1494276366131265627.png
guides/ru/equipment/Black_Orb.md,equipment,black_orb,10,image,1494276366894633033,https://cdn.discordapp.com/attachments/1494265634027077683/1494276366894633033/image.png,assets/media/by-guide/equipment/black_orb/010_image_1494276366894633033.png,010_image_1494276366894633033.png
guides/ru/equipment/Light_Shard.md,equipment,light_shard,1,image,1350505815509041323,https://cdn.discordapp.com/attachments/1350505589603700756/1350505815509041323/image.png?ex=69e25f8d&is=69e10e0d&hm=72d33ad1d4ca85c24385388504460dc093eb0ae6ebf0a7c376949b43ba6095f1&,assets/media/by-guide/equipment/light_shard/001_image_1350505815509041323.png,001_image_1350505815509041323.png
guides/ru/equipment/Light_Shard.md,equipment,light_shard,2,image,1433223495080218786,https://cdn.discordapp.com/attachments/1350505589603700756/1433223495080218786/image-14.png?ex=69e20da5&is=69e0bc25&hm=840be7507a2774ad928ec28ed346790d0467d7a35e75cf05bc95f3b8d7bba013&,assets/media/by-guide/equipment/light_shard/002_image_1433223495080218786.png,002_image_1433223495080218786.png
guides/ru/equipment/Soul_Weapon_Engraving.md,equipment,soul_weapon_engraving,1,image,1401410297691897876,https://cdn.discordapp.com/attachments/1362829504032145630/1401410297691897876/image.png?ex=69e2554b&is=69e103cb&hm=95422bafa725312aa751bfad7e81dc5c24fc0185318a4e8aa265b8a6c840f45b&,assets/media/by-guide/equipment/soul_weapon_engraving/001_image_1401410297691897876.png,001_image_1401410297691897876.png
guides/ru/equipment/Soul_Weapon_Engraving.md,equipment,soul_weapon_engraving,2,image,1401410314452336720,https://cdn.discordapp.com/attachments/1362829504032145630/1401410314452336720/image.png?ex=69e2554f&is=69e103cf&hm=1ba07ef11de655573f0af05bbd1524bf44d28eab99a95e30be18d4220d912268&,assets/media/by-guide/equipment/soul_weapon_engraving/002_image_1401410314452336720.png,002_image_1401410314452336720.png
guides/ru/equipment/Soul_Weapon_Engraving.md,equipment,soul_weapon_engraving,3,image,1460694344213463191,https://cdn.discordapp.com/attachments/1362829504032145630/1460694344213463191/image.png?ex=69e2749e&is=69e1231e&hm=51f7eee09753bad185fcf6c90a46b3317bf48884578f8faa5f2bddf78ab3f539&,assets/media/by-guide/equipment/soul_weapon_engraving/003_image_1460694344213463191.png,003_image_1460694344213463191.png
guides/ru/equipment/Soul_Weapon_Engraving.md,equipment,soul_weapon_engraving,4,image,1480591375417217145,https://cdn.discordapp.com/attachments/1362829504032145630/1480591375417217145/image.png?ex=69e254ab&is=69e1032b&hm=2e1e38e6281fad493a7d841805f089bf6ddb6f2ade7e25c7e169035a2ca8a204&,assets/media/by-guide/equipment/soul_weapon_engraving/004_image_1480591375417217145.png,004_image_1480591375417217145.png
guides/ru/equipment/Weapons.md,equipment,weapons,1,image,1349197221496885309,https://cdn.discordapp.com/emojis/1349197221496885309.webp?size=48&animated=true&name=orr24&lossless=true,assets/media/by-guide/equipment/weapons/001_image_1349197221496885309.webp,001_image_1349197221496885309.webp
guides/ru/equipment/Weapons.md,equipment,weapons,2,image,1349197221496885309,https://cdn.discordapp.com/emojis/1349197221496885309.webp?size=48&animated=true&name=orr24&lossless=true,assets/media/by-guide/equipment/weapons/002_image_1349197221496885309.webp,002_image_1349197221496885309.webp
guides/ru/equipment/Weapons.md,equipment,weapons,3,image,1399607208513110187,https://cdn.discordapp.com/attachments/1124549866916434023/1399607208513110187/image.png?ex=69e25d89&is=69e10c09&hm=cd234be1bb1c4f86e2d13d4ceaa3c765e8908a105f264d22249a60bd26591b00&,assets/media/by-guide/equipment/weapons/003_image_1399607208513110187.png,003_image_1399607208513110187.png
guides/ru/event-help/event-help.md,event-help,event_help,1,image,1380544476615016478,https://cdn.discordapp.com/attachments/1181283132947828796/1380544476615016478/eventspending_guide_updated.png?ex=69e23abc&is=69e0e93c&hm=ab6024afce0a5b698ec222522e0f07e2c23917e54d7886802fc39e2c5f48d107&,assets/media/by-guide/event-help/event_help/001_image_1380544476615016478.png,001_image_1380544476615016478.png
guides/ru/late-game-promotions/Diadust.md,late-game-promotions,diadust,1,video,1410750422200619009,https://cdn.discordapp.com/attachments/1370971249760796782/1410750422200619009/DiaDust.mp4?ex=69e208f7&is=69e0b777&hm=ec324a309f8724893cd18b43d995f0def14a8a609e4b913a48a93cbc4942c431&,assets/media/by-guide/late-game-promotions/diadust/001_video_1410750422200619009.mp4,001_video_1410750422200619009.mp4
guides/ru/late-game-promotions/Diadust.md,late-game-promotions,diadust,2,image,1416901428336660560,https://cdn.discordapp.com/attachments/1370971249760796782/1416901428336660560/image.png?ex=69e20009&is=69e0ae89&hm=a633b2cecf32aaed63d9aa46c61ddfbe55034cd9aa6e49145492ecd990e3a236&,assets/media/by-guide/late-game-promotions/diadust/002_image_1416901428336660560.png,002_image_1416901428336660560.png
guides/ru/late-game-promotions/Diadust.md,late-game-promotions,diadust,3,video,1463890344805404946,https://cdn.discordapp.com/attachments/1370971249760796782/1463890344805404946/Diadust_dw_blue_wolf_win_rotation.mp4?ex=69e2379f&is=69e0e61f&hm=6a9bc291ba97c65e5f15bbf9097a1f9f842993c76c749655905a93f513e0b1c5&,assets/media/by-guide/late-game-promotions/diadust/003_video_1463890344805404946.mp4,003_video_1463890344805404946.mp4
guides/ru/late-game-promotions/Eisenhart.md,late-game-promotions,eisenhart,1,video,1409389902768115773,https://cdn.discordapp.com/attachments/1370971139836350514/1409389902768115773/Ban_Ein_-_Made_with_Clipchamp.mp4?ex=69e25be2&is=69e10a62&hm=05f5644cf4be792deb57196c821832a9f212eee5f4487a3b5bef657dab021938&,assets/media/by-guide/late-game-promotions/eisenhart/001_video_1409389902768115773.mp4,001_video_1409389902768115773.mp4
guides/ru/late-game-promotions/Eisenhart.md,late-game-promotions,eisenhart,2,video,1439894986861576222,https://cdn.discordapp.com/attachments/1370971139836350514/1439894986861576222/raveless_eisen_win.mp4?ex=69e1ef34&is=69e09db4&hm=ab9938c3215bd2fe022577ac29dee9df2218eb590b17992dfc23daf11dd467a5&,assets/media/by-guide/late-game-promotions/eisenhart/002_video_1439894986861576222.mp4,002_video_1439894986861576222.mp4
guides/ru/late-game-promotions/Eisenhart.md,late-game-promotions,eisenhart,3,image,1457749826652340416,https://cdn.discordapp.com/attachments/1370971139836350514/1457749826652340416/image.png,assets/media/by-guide/late-game-promotions/eisenhart/003_image_1457749826652340416.png,003_image_1457749826652340416.png
guides/ru/late-game-promotions/Eldenwood.md,late-game-promotions,eldenwood,1,image,1416938855789232171,https://media.discordapp.net/attachments/1416434919131058377/1416938855789232171/Screenshot_2025-09-14_190729.png?ex=69e222e4&is=69e0d164&hm=6896c6fb6fb6fcb97826d3323fade884d7ddd113ecd8308b0beb34222a879788&=&format=webp&quality=lossless,assets/media/by-guide/late-game-promotions/eldenwood/001_image_1416938855789232171.png,001_image_1416938855789232171.png
guides/ru/late-game-promotions/Eldenwood.md,late-game-promotions,eldenwood,2,image,1416938856317587457,https://media.discordapp.net/attachments/1416434919131058377/1416938856317587457/Screenshot_2025-09-14_190748.png?ex=69e222e4&is=69e0d164&hm=5bd6c1aeeb6f1dd20004b0acc8277f903d2cb537b43eda4d8b9adbbabed666dc&=&format=webp&quality=lossless,assets/media/by-guide/late-game-promotions/eldenwood/002_image_1416938856317587457.png,002_image_1416938856317587457.png
guides/ru/late-game-promotions/Eldenwood.md,late-game-promotions,eldenwood,3,image,1416938938718752888,https://media.discordapp.net/attachments/1416434919131058377/1416938938718752888/images.jpg?ex=69e222f8&is=69e0d178&hm=7017ddda2007b83fb73826c38141f9ca42e8144b78a208cf41d635188dff21b3&=&format=webp,assets/media/by-guide/late-game-promotions/eldenwood/003_image_1416938938718752888.jpg,003_image_1416938938718752888.jpg
guides/ru/late-game-promotions/Eldenwood.md,late-game-promotions,eldenwood,4,video,1427519075549970453,https://cdn.discordapp.com/attachments/1416434919131058377/1427519075549970453/Soul_Attempt.mp4?ex=69e264fd&is=69e1137d&hm=779d02e00dbb2c981988c99c63ac71b9fdd3dc427a7c5aba55352b50aa649308&,assets/media/by-guide/late-game-promotions/eldenwood/004_video_1427519075549970453.mp4,004_video_1427519075549970453.mp4
guides/ru/late-game-promotions/Eldenwood.md,late-game-promotions,eldenwood,5,video,1430016424755204166,https://cdn.discordapp.com/attachments/1416434919131058377/1430016424755204166/Another_one_-_Made_with_Clipchamp.mp4?ex=69e24054&is=69e0eed4&hm=e0b6b4d19034dbca133f209490e97dac100156639bd2bc6d110d81beb82e90fd&,assets/media/by-guide/late-game-promotions/eldenwood/005_video_1430016424755204166.mp4,005_video_1430016424755204166.mp4
guides/ru/late-game-promotions/Eldenwood.md,late-game-promotions,eldenwood,6,video,1433306433796968508,https://cdn.discordapp.com/attachments/1416434919131058377/1433306433796968508/ScreenRecording_10-25-2025_16-54-43_1.mov?ex=69e25ae3&is=69e10963&hm=f966ea8c31ee17e85563fcdc52de60395a0bb86285df4009ecb2db9f4e8b7869&,assets/media/by-guide/late-game-promotions/eldenwood/006_video_1433306433796968508.mov,006_video_1433306433796968508.mov
guides/ru/late-game-promotions/Eldenwood.md,late-game-promotions,eldenwood,7,video,1436155352688099369,https://cdn.discordapp.com/attachments/1416434919131058377/1436155352688099369/Tas_-_Made_with_Clipchamp.mp4?ex=69e22c26&is=69e0daa6&hm=1182c4e8bb29c9c02075eea07285f07da0784c2f3e04e8151731fb7a040711f3&,assets/media/by-guide/late-game-promotions/eldenwood/007_video_1436155352688099369.mp4,007_video_1436155352688099369.mp4
guides/ru/late-game-promotions/Eldenwood.md,late-game-promotions,eldenwood,8,video,1454899782622384193,https://cdn.discordapp.com/attachments/1416434919131058377/1454899782622384193/HnVideoEditor_2025_12_26_000155383.mp4?ex=69e27802&is=69e12682&hm=17421440d976dfc8377f203fd2a777cbe686a1f17016700dcc521d4bcb9342a1&,assets/media/by-guide/late-game-promotions/eldenwood/008_video_1454899782622384193.mp4,008_video_1454899782622384193.mp4
guides/ru/late-game-promotions/Eldenwood.md,late-game-promotions,eldenwood,9,video,1480089818217185433,https://cdn.discordapp.com/attachments/1416434919131058377/1480089818217185433/Elden.mp4?ex=69e27bcf&is=69e12a4f&hm=40b67593ba2d68864572df482624d694ca31c0f5a1c71b75a5b497bfb6d40ffc&,assets/media/by-guide/late-game-promotions/eldenwood/009_video_1480089818217185433.mp4,009_video_1480089818217185433.mp4
guides/ru/late-game-promotions/Gigarock.md,late-game-promotions,gigarock,1,video,1457748660723912714,https://cdn.discordapp.com/attachments/1370971028137705496/1457748660723912714/Giga_fight_only.mp4?ex=69e2493c&is=69e0f7bc&hm=a74ae10aa87e64c819effa0908f12d857a93a96792d7e33d563062390c18be77&,assets/media/by-guide/late-game-promotions/gigarock/001_video_1457748660723912714.mp4,001_video_1457748660723912714.mp4
guides/ru/late-game-promotions/Gigarock.md,late-game-promotions,gigarock,2,image,1457749117785604357,https://cdn.discordapp.com/attachments/1370971028137705496/1457749117785604357/image.png,assets/media/by-guide/late-game-promotions/gigarock/002_image_1457749117785604357.png,002_image_1457749117785604357.png
guides/ru/mid-game-promotions/Ancient_Canine.md,mid-game-promotions,ancient_canine,1,video,1370973125508071444,https://cdn.discordapp.com/attachments/1370970872567042108/1370973125508071444/Screen_Recording_2024-07-10_121416.mp4?ex=69e25878&is=69e106f8&hm=aeb8c21a5d69a8d9c21bc45a2d1999ccfdd486915cdc75a6138900b04d157629&,assets/media/by-guide/mid-game-promotions/ancient_canine/001_video_1370973125508071444.mp4,001_video_1370973125508071444.mp4
guides/ru/mid-game-promotions/Black_Mythril.md,mid-game-promotions,black_mythril,1,gif,1371003530445455371,https://cdn.discordapp.com/attachments/1370969324235395102/1371003530445455371/BM.gif?ex=69e274c9&is=69e12349&hm=575c243052d950a492722e0cdad2b826ee57f3b34d3258ed83d5e3bb30966b50&,assets/media/by-guide/mid-game-promotions/black_mythril/001_gif_1371003530445455371.gif,001_gif_1371003530445455371.gif
guides/ru/mid-game-promotions/Blue_Abyss.md,mid-game-promotions,blue_abyss,1,image,1210060310635876352,https://media.discordapp.net/attachments/1172332101639614505/1210060310635876352/Blueboss_preview.png?ex=69e24cbb&is=69e0fb3b&hm=4877779d1c2224222571bc92add4fd09249370e418f7d97b4d624a7ff9b0d36a&format=webp&quality=lossless&,assets/media/by-guide/mid-game-promotions/blue_abyss/001_image_1210060310635876352.png,001_image_1210060310635876352.png
guides/ru/mid-game-promotions/Cyclos.md,mid-game-promotions,cyclos,1,video,1370973492580843721,https://cdn.discordapp.com/attachments/1370970624708710421/1370973492580843721/Untitled_videolol_-_Made_with_Clipchamp.mp4?ex=69e258d0&is=69e10750&hm=0b0c0b7eda59f4bfd66f0a6b79bd2cc69534bd04400ca2d6a6c3ff202c7ee38b&,assets/media/by-guide/mid-game-promotions/cyclos/001_video_1370973492580843721.mp4,001_video_1370973492580843721.mp4
guides/ru/mid-game-promotions/Dark_Nox.md,mid-game-promotions,dark_nox,1,image,1370973929430188063,https://cdn.discordapp.com/attachments/1370970051003547759/1370973929430188063/609_preview.png?ex=69e25938&is=69e107b8&hm=82f0390b1c179dd529f2149deebc53d04a870b51e74f2b480f3ccebb0eaeca7e&,assets/media/by-guide/mid-game-promotions/dark_nox/001_image_1370973929430188063.png,001_image_1370973929430188063.png
guides/ru/mid-game-promotions/Demon_Metal.md,mid-game-promotions,demon_metal,1,gif,1371003416784142356,https://cdn.discordapp.com/attachments/1370969425167126649/1371003416784142356/Demon-unscreen.gif?ex=69e274ae&is=69e1232e&hm=dea7607944109b25ab778ad3f13236fc35290cbb90c07bbaa5971d86d478e8b0&,assets/media/by-guide/mid-game-promotions/demon_metal/001_gif_1371003416784142356.gif,001_gif_1371003416784142356.gif
guides/ru/mid-game-promotions/Dragonos.md,mid-game-promotions,dragonos,1,gif,1371002940008960061,https://cdn.discordapp.com/attachments/1370969530364334231/1371002940008960061/15192034OtUQyuYV.gif?ex=69e2743c&is=69e122bc&hm=da736782244191c136cba6db588f1d1d4fafaf6e7002e383015a46a3ded67817&,assets/media/by-guide/mid-game-promotions/dragonos/001_gif_1371002940008960061.gif,001_gif_1371002940008960061.gif
guides/ru/mid-game-promotions/Infinaut.md,mid-game-promotions,infinaut,1,video,1370973767676854272,https://cdn.discordapp.com/attachments/1370970289625632961/1370973767676854272/video6-bglmdvsk-txsjthfi_lHmECFWR.mp4?ex=69e25911&is=69e10791&hm=1dc02ff73a30ccfbca4ee59fe786ecb3867cfa61b51466dd5fcc31e1fbb59a8a&,assets/media/by-guide/mid-game-promotions/infinaut/001_video_1370973767676854272.mp4,001_video_1370973767676854272.mp4
guides/ru/mid-game-promotions/Ragnablood.md,mid-game-promotions,ragnablood,1,gif,1371002758337134683,https://cdn.discordapp.com/attachments/1370969665827766404/1371002758337134683/Ragnblood_-_Made_with_Clipchamp.gif?ex=69e27411&is=69e12291&hm=141594c119fb93d7cf772f6ab4d4be9db026c32232a55340234dd8d8b9116e25&,assets/media/by-guide/mid-game-promotions/ragnablood/001_gif_1371002758337134683.gif,001_gif_1371002758337134683.gif
guides/ru/shop/shop.md,shop,shop,1,image,1131616234430021763,https://cdn.discordapp.com/attachments/1121105267845767310/1131616234430021763/Goods_AllScroll.png?ex=69e258be&is=69e1073e&hm=a5f765cae397901dfb5fbfa6934eaaa30b443a0710bb5e59371de5f7b9a92f34&,assets/media/by-guide/shop/shop/001_image_1131616234430021763.png,001_image_1131616234430021763.png
guides/ru/shop/shop.md,shop,shop,2,image,1361877416888504403,https://cdn.discordapp.com/attachments/1121105267845767310/1361877416888504403/image.png?ex=69e236ee&is=69e0e56e&hm=1e77fb16c03dc124afe73e98c052c2356177c98a432c6996b637faf635c74f85&,assets/media/by-guide/shop/shop/002_image_1361877416888504403.png,002_image_1361877416888504403.png
guides/ru/skills/Familiars.md,skills,familiars,1,image,1299348153363071097,https://cdn.discordapp.com/attachments/1299025902595997726/1299348153363071097/IMG_0678.png?ex=69e226c4&is=69e0d544&hm=d0909c33e98c47cd347d6e07f32154c827115fd2261cffe8e6d70eb124e01dfc&,assets/media/by-guide/skills/familiars/001_image_1299348153363071097.png,001_image_1299348153363071097.png
guides/ru/skills/Familiars.md,skills,familiars,2,image,1299348153774116876,https://cdn.discordapp.com/attachments/1299025902595997726/1299348153774116876/IMG_0679.png?ex=69e226c4&is=69e0d544&hm=0c5ba1cc06c35a0dbcc33e90de9635791bc3ce44a8fbb8fe58640d1c1aee70c9&,assets/media/by-guide/skills/familiars/002_image_1299348153774116876.png,002_image_1299348153774116876.png
guides/ru/skills/Familiars.md,skills,familiars,3,image,1299348361224392735,https://cdn.discordapp.com/attachments/1299025902595997726/1299348361224392735/IMG_0677.png?ex=69e226f6&is=69e0d576&hm=29838d7c708bd0a3163b6b0b9bdc25e68fb73e2fa0c12d5d6ef75fa164e38e8c&,assets/media/by-guide/skills/familiars/003_image_1299348361224392735.png,003_image_1299348361224392735.png
guides/ru/skills/Familiars.md,skills,familiars,4,image,1299352119815700591,https://cdn.discordapp.com/attachments/1299025902595997726/1299352119815700591/IMG_0684.png?ex=69e22a76&is=69e0d8f6&hm=db98bd0b31ae14e1ece18b139467fe077c9b7b45ba1bdf9c024dc490a910676f&,assets/media/by-guide/skills/familiars/004_image_1299352119815700591.png,004_image_1299352119815700591.png
guides/ru/skills/Familiars.md,skills,familiars,5,image,1299352120482467891,https://cdn.discordapp.com/attachments/1299025902595997726/1299352120482467891/IMG_0683.png?ex=69e22a76&is=69e0d8f6&hm=f2690654d6e368be22bcb4ba6f07400bb3a349a1d3f6ee6ad0a305a569de3f87&,assets/media/by-guide/skills/familiars/005_image_1299352120482467891.png,005_image_1299352120482467891.png
guides/ru/skills/Familiars.md,skills,familiars,6,image,1310084297088303134,https://cdn.discordapp.com/attachments/1299025902595997726/1310084297088303134/image.png?ex=69e25154&is=69e0ffd4&hm=548111b5c7bd9b747e83d7c005d805ca387e670936ba191308b659d49fb20865&,assets/media/by-guide/skills/familiars/006_image_1310084297088303134.png,006_image_1310084297088303134.png
guides/ru/skills/Familiars.md,skills,familiars,7,image,1380597215936123021,https://cdn.discordapp.com/attachments/1299025902595997726/1380597215936123021/image.png?ex=69e26bda&is=69e11a5a&hm=7af38b2d6560c25a4e12299cbb297291d5a0f20606021f53e491dc70faa136e8&,assets/media/by-guide/skills/familiars/007_image_1380597215936123021.png,007_image_1380597215936123021.png
guides/ru/skills/Familiars.md,skills,familiars,8,image,1463013972042317824,https://cdn.discordapp.com/attachments/1299025902595997726/1463013972042317824/image.png?ex=69e25330&is=69e101b0&hm=9452c16a6686a70559579d47f2d6daaea958d6947cf5b5e45c5f3522d505c7b8&,assets/media/by-guide/skills/familiars/008_image_1463013972042317824.png,008_image_1463013972042317824.png
guides/ru/skills/Skill_Functions.md,skills,skill_functions,1,image,1127976514219155586,https://cdn.discordapp.com/attachments/1125716822612787261/1127976514219155586/image.png?ex=69e249fd&is=69e0f87d&hm=c0c8d5740c32efad2ff42895fbbe20900b85269a494190ffaeedfb1068d45e1b&,assets/media/by-guide/skills/skill_functions/001_image_1127976514219155586.png,001_image_1127976514219155586.png
guides/ru/skills/Skill_Functions.md,skills,skill_functions,2,image,1130541919638913066,https://cdn.discordapp.com/attachments/1125716822612787261/1130541919638913066/image.png?ex=69e264b6&is=69e11336&hm=f5692331e1d17b47fb67e4f93414bbc04f87dbcf2cde59ed257ccefd7198d278&,assets/media/by-guide/skills/skill_functions/002_image_1130541919638913066.png,002_image_1130541919638913066.png
guides/ru/skills/Skill_Mastery.md,skills,skill_mastery,1,image,1127970806517997659,https://cdn.discordapp.com/attachments/1127970806190850148/1127970806517997659/IMG_1023.png?ex=69e244ac&is=69e0f32c&hm=05d6943a00bab5dc08e8a433353120d21aefc2236d9cc403d897c18c2f03af47&,assets/media/by-guide/skills/skill_mastery/001_image_1127970806517997659.png,001_image_1127970806517997659.png
guides/ru/spirit/Fountain_of_Circulation.md,spirit,fountain_of_circulation,1,image,1401147729840963655,https://cdn.discordapp.com/attachments/1205032511210786816/1401147729840963655/image.png?ex=69e20982&is=69e0b802&hm=39e73002cc846a52b2c915ae9928effa9a112fbfe5f96812998d4cb38a50b976&,assets/media/by-guide/spirit/fountain_of_circulation/001_image_1401147729840963655.png,001_image_1401147729840963655.png
guides/ru/spirit/Spirits.md,spirit,spirits,1,image,1407056986603917493,https://cdn.discordapp.com/attachments/1205045319604117565/1407056986603917493/image.png?ex=69e270ef&is=69e11f6f&hm=24d93fd83e29d84ada66ddf7e8d75d10963fcf13934d351298cec9f567cbe8b5&,assets/media/by-guide/spirit/spirits/001_image_1407056986603917493.png,001_image_1407056986603917493.png
guides/ru/spirit/Spirits.md,spirit,spirits,2,image,1407057321019838554,https://cdn.discordapp.com/attachments/1205045319604117565/1407057321019838554/image.png?ex=69e2713f&is=69e11fbf&hm=2f343f48d102521dc3a0052e5c709b6ffea169a9c57f380bbda9ebe8b9e4615e&,assets/media/by-guide/spirit/spirits/002_image_1407057321019838554.png,002_image_1407057321019838554.png
guides/ru/spirit/What_to_EnhanceAwaken_first.md,spirit,what_to_enhanceawaken_first,1,image,1400745842419171348,https://cdn.discordapp.com/attachments/1205032878828687371/1400745842419171348/image.png?ex=69e1e4b9&is=69e09339&hm=0f1b833e4207277cab9296d230fb394b66ddaf8097c3bad2e7381fc601af79d0&,assets/media/by-guide/spirit/what_to_enhanceawaken_first/001_image_1400745842419171348.png,001_image_1400745842419171348.png
guides/ru/stage/Stage_Farm_Builds.md,stage,stage_farm_builds,1,video,1427805625768870029,https://cdn.discordapp.com/attachments/1189111915750899732/1427805625768870029/Fam_for_Stage_Farm.mp4?ex=69e21e5c&is=69e0ccdc&hm=91932d6cc4f516c5d8f1e55072c105c39edbce27c0ba5f0ec867b33013380318&,assets/media/by-guide/stage/stage_farm_builds/001_video_1427805625768870029.mp4,001_video_1427805625768870029.mp4
